read_count_range,percentage,count
0,13.616585615561814,532
1,4.2999744049142565,168
2-5,11.901714870744817,465
6-10,12.2344509854108,478
>10,57.94727412336831,2264
