read_count_range,percentage,count
0,14.384438187867929,562
1,5.298182748912208,207
2-5,15.817762989506015,618
6-10,13.590990529818276,531
>10,50.90862554389557,1989
