read_count_range,percentage,count
0,31.123624264141288,1216
1,1.8684412592782185,73
2-5,3.199385717942155,125
6-10,2.5595085743537243,100
>10,61.24904018428462,2393
