read_count_range,percentage,count
0,9.393396467878167,367
1,0.8446378295367288,33
2-5,0.9470181725108779,37
6-10,0.8958280010238036,35
>10,87.91911952905042,3435
