read_count_range,percentage,count
0,40.23547478884054,1572
1,8.241617609418991,322
2-5,21.474276938827742,839
6-10,9.163040696186332,358
>10,20.88558996672639,816
