read_count_range,percentage,count
0,14.742769388277452,576
1,4.1464038904530325,162
2-5,16.201689275659074,633
6-10,15.075505502943434,589
>10,49.833631942667004,1947
