read_count_range,percentage,count
0,9.700537496800614,379
1,0.9982083439979524,39
2-5,1.1261837727156385,44
6-10,1.1261837727156385,44
>10,87.04888661377016,3401
