read_count_range,percentage,count
0,12.951113386229842,506
1,3.4041464038904534,133
2-5,12.004095213718966,469
6-10,10.28922446890197,402
>10,61.35142052725877,2397
