read_count_range,percentage,count
0,13.923726644484258,544
1,3.5321218326081394,138
2-5,11.159457384182236,436
6-10,12.2344509854108,478
>10,59.15024315331456,2311
