read_count_range,percentage,count
0,15.638597389301253,611
1,5.221397491681597,204
2-5,17.35346813411825,678
6-10,13.411824929613514,524
>10,48.374712055285386,1890
