read_count_range,percentage,count
0,12.106475556693114,473
1,2.636293831584336,103
2-5,6.757102636293831,264
6-10,6.85948297926798,268
>10,71.64064499616074,2799
