read_count_range,percentage,count
0,10.647555669311492,416
1,1.3053493729203993,51
2-5,3.199385717942155,125
6-10,2.3547478884054263,92
>10,82.49296135142052,3223
