read_count_range,percentage,count
0,10.417199897619657,407
1,1.2797542871768621,50
2-5,2.4827233171231122,97
6-10,1.791656002047607,70
>10,84.02866649603277,3283
