read_count_range,percentage,count
0,16.22728436140261,634
1,6.449961607371385,252
2-5,19.73381110826721,771
6-10,15.894548246736626,621
>10,41.69439467622216,1629
