read_count_range,percentage,count
0,16.995136933708725,664
1,5.170207320194523,202
2-5,18.710007678525724,731
6-10,15.152290760174047,592
>10,43.97235730739698,1718
