read_count_range,percentage,count
0,15.229076017404658,595
1,4.2231891476836445,165
2-5,14.691579216790377,574
6-10,15.049910417199897,588
>10,50.80624520092142,1985
