read_count_range,percentage,count
0,14.282057844893782,558
1,4.555925262349629,178
2-5,15.305861274635271,598
6-10,13.360634758126439,522
>10,52.49552085999488,2051
