read_count_range,percentage,count
0,9.623752239570003,376
1,0.6910673150755056,27
2-5,0.9214230867673407,36
6-10,0.74225748656258,29
>10,88.02149987202456,3439
