read_count_range,percentage,count
0,11.082672126951627,433
1,1.7660609163040697,69
2-5,3.097005374968006,121
6-10,3.1226004607115434,122
>10,80.93166112106476,3162
