read_count_range,percentage,count
0,12.746352700281546,498
1,2.661888917327873,104
2-5,7.396979779882262,289
6-10,6.987458407985667,273
>10,70.20732019452265,2743
