read_count_range,percentage,count
0,11.748144356283593,459
1,2.3035577169183514,90
2-5,6.2707960071666236,245
6-10,6.782697722037369,265
>10,72.89480419759407,2848
